"agency_cd","site_no","station_nm","site_tp_cd","lat_va","long_va","dec_lat_va","dec_long_va","coord_meth_cd","coord_acy_cd","coord_datum_cd","dec_coord_datum_cd","district_cd","state_cd","county_cd","country_cd","land_net_ds","map_nm","map_scale_fc","alt_va","alt_meth_cd","alt_acy_va","alt_datum_cd","huc_cd","topo_cd","instruments_cd","construction_dt","inventory_dt","drain_area_va","contrib_drain_area_va","tz_cd","local_time_fg","reliability_cd","gw_file_cd","project_no"
"USGS","02334400","LAKE SIDNEY LANIER NEAR BUFORD, GA","LK",340945.8,840431.9,34.1627222,-84.0755278,"N","1","NAD83","NAD83","13","13","117","US",NA,NA,NA,0,"L",0.01,"NAVD88","03130001",NA,"NNNNYNNNNNYNNYNNNNNNNNNNNNNNNN",NA,NA,1034,NA,"EST","Y",NA,"NNNNNNNN",NA
"USGS","02334401","CHATTAHOOCHEE RIVER (BUFORD DAM) NR BUFORD, GA","ST",340941.7,840434,34.1615833,-84.0761111,"N","1","NAD83","NAD83","13","13","117","US",NA,"BUFORD DAM, GA","  24000",0,"G",0.01,"NAVD88","03130001",NA,"NNNNYNNNNNNNNNNNNNNNNNNNNNNNNN",NA,NA,1034,1034,"EST","Y",NA,"NNNNNNNN","CH59"
"USGS","02334430","CHATTAHOOCHEE RIVER AT BUFORD DAM, NEAR BUFORD, GA","ST",340925,840444,34.15694444,-84.07888889,"M","5","NAD83","NAD83","13","13","135","US",NA,"BUFORD DAM",NA,912.1,"D",0.1,"NAVD88","03130001",NA,"YNNNYNNNNNYNNNNNNNNNNNNNNNNNNN",NA,NA,1040,1040,"EST","Y",NA,"NNNNNNNN","CH-59"
"USGS","02334652","CHATTAHOOCHEE R 0.96 MI US MCGINNIS FY SUWANEE GA","ST",340331.8,840638.5,34.0588333,-84.1106944,"G","S","NAD83","NAD83","13","13","117","US",NA,"SUWANEE","  24000",900,"M",20,"NGVD29","03130001","C","NNNNYNNNNNNNNNNNNNNNNNNNNNNNNN",NA,NA,NA,NA,"EST","Y",NA,NA,NA
"USGS","02334653","CHATTAHOOCHEE R 0.76 MI US MCGINNIS FY SUWANEE GA","ST",340322.7,840632.7,34.05630556,-84.1090833,"G","S","NAD83","NAD83","13","13","117","US",NA,"suwanee","  24000",886.3,"F",0.1,"NAVD88","03130001","C","NNNNYNYNNYNNNYNNNNNNNNNNNNNNNN",NA,NA,1090,NA,"EST","Y",NA,NA,NA
"USGS","02334654","CHATTAHOOCHEE R 0.5 MI US MCGINNIS FY SUWANEE, GA","ST",340314,840619,34.05388889,-84.1052778,"M","S","NAD83","NAD83","13","13","121","US",NA,"SUWANEE, GA","  24000",900,"M",10,"NGVD29","03130001","C","YNNNYNNNNNNNNNNNNNNNNNNNNNNNNN",NA,20151216,NA,NA,"EST","Y","C",NA,"CH-62I"
"USGS","02335000","CHATTAHOOCHEE RIVER NEAR NORCROSS, GA","ST",335950,841207,33.9972222,-84.2019444,"M","S","NAD83","NAD83","13","13","135","US",NA,"NORCROSS","  24000",878.2,"F",0.1,"NAVD88","03130001",NA,"YNYNYNNNNNYNNYNNNNNNNNNNNNNNNN",NA,NA,1170,NA,"EST","Y",NA,"NNNNNNNN",NA
"USGS","02335400","CHATTAHOOCHEE R 0.39 MI DS GA140, ALPHARETTA, GA","ST",335823,841608,33.97305556,-84.26888889,"M","S","NAD83","NAD83","13","13","121","US",NA,"CHAMBLEE, GA","  24000",870,"M",5,"NGVD29","03130001","C","YNNYYNNNNNNNNNNNNNNNNNNNNNNNNN",NA,20171107,NA,NA,"EST","Y","C",NA,"CH-69A"
"USGS","02335405","CHATTAHOOCHEE R 0.47 MI DS GA140, ALPHARETTA, GA","ST",335824,841612,33.9733333,-84.27,"M","S","NAD83","NAD83","13","13","121","US",NA,"CHAMBLEE, GA","  24000",870,"M",5,"NGVD29","03130001","C","NNNYNNNNNNNNNNNNNNNNNNNNNNNNNN",NA,20171107,NA,NA,"EST","Y","C",NA,"CH-69B"
"USGS","02335450","CHATTAHOOCHEE RIVER ABOVE ROSWELL, GA","ST",335909,841858,33.98593369,-84.3160356,"M","S","NAD27","NAD83","13","13","121","US",NA,"CHAMBLEE",NA,858.6,"F",0.1,"NAVD88","03130001",NA,"YNYNYNNNNNYNNYNNNNNNNNNNNNNNNN",NA,NA,1220,NA,"EST","Y",NA,"NNNNNNNN",NA
"USGS","02335777","CHATTAHOOCHEE R 0.27 MI US WILLEO CR, ROSWELL, GA","ST",335948,842304,33.99666667,-84.3844444,"M","S","NAD83","NAD83","13","13","121","US",NA,"SANDY SPRINGS, GA","  24000",857,"M",5,"NGVD29","03130001","C","NNNYNNNNNNNNNNNNNNNNNNNNNNNNNN",NA,20171107,NA,NA,"EST","Y","C",NA,"CH-77B"
"USGS","02335778","CHATTAHOOCHEE R 0.25 MI US WILLEO CR, ROSWELL, GA","ST",335947,842304,33.99638889,-84.3844444,"M","S","NAD83","NAD83","13","13","121","US",NA,"SANDY SPRINGS, GA","  24000",857,"M",5,"NGVD29","03130001","C","YNNYYNNNNNNNNNNNNNNNNNNNNNNNNN",NA,20171107,NA,NA,"EST","Y","C",NA,"CH-77C"
"USGS","02335779","CHATTAHOOCHEE R .18 MI US WILLEO CR, ROSWELL, GA","ST",335943,842304,33.99527778,-84.3844444,"M","S","NAD83","NAD83","13","13","121","US",NA,"SANDY SPRINGS, GA","  24000",855,"M",5,"NGVD29","03130001","C","NNNYNNNNNNNNNNNNNNNNNNNNNNNNNN",NA,20171107,NA,NA,"EST","Y","C",NA,"CH-77D"
"USGS","02335810","CHATTAHOOCHEE RIVER AT MORGAN FALLS DAM, GA","LK",335806,842258,33.9683333,-84.3827778,"M","S","NAD83","NAD83","13","13","121","US",NA,"SANDY SPRINGS","  24000",-12.52,"L",0.01,"NGVD29","03130001",NA,"YNYNYNNNNNYNNYNNNNNNNNNNNNNNNN",NA,NA,1370,NA,"EST","Y",NA,"NNNNNNNN",NA
"USGS","02335815","CHATTAHOOCHEE RIVER BELOW MORGAN FALLS DAM, GA","ST",335805,842258,33.96805556,-84.3827778,"M","S","NAD83","NAD83","13","13","121","US",NA,"SANDY SPRINGS","  24000",-12.52,"L",0.01,"NGVD29","03130001",NA,"YNNNYNNNNYNNNNNNNNNNNNNNNNNNNN",NA,NA,1370,NA,"EST","Y",NA,"NNNNNNNN",NA
"USGS","02335880","CHATT R AT POWERS FY & I-285 NR ATLANTA, GA","ST",335407.1,842634.9,33.9019722,-84.4430278,"M","S","NAD83","NAD83","13","13","121","US",NA,NA,NA,777.24,"X",0.23,"NAVD88","03130001",NA,"NNNNYNYNNNNNNYNNNNNNNNNNNNNNNN",NA,NA,1420,NA,"EST","Y",NA,"NNNNNNNN",NA
"USGS","02335990","CHATTAHOOCHEE RIVER AT US 41, AT ATLANTA, GA","ST",335203.6,842714.8,33.86766667,-84.4541111,"N","1","NAD83","NAD83","13","13","121","US",NA,"NORTHWEST ATLANTA",NA,750.3,"F",0.1,"NAVD88","03130001",NA,"YNNNYNNNNNYNNYNNNNNNNNNNNNNNNN",NA,NA,1440,NA,"EST","Y",NA,"NNNNNNNN",NA
"USGS","02336000","CHATTAHOOCHEE RIVER AT ATLANTA, GA","ST",335133,842716,33.85916667,-84.4544444,"M","S","NAD83","NAD83","13","13","121","US",NA,"NORTHWEST ATLANTA",NA,750.3,"F",0.1,"NAVD88","03130001",NA,"YNNNYNNNNNYNNNNNNNNNNNNNNNNNNN",NA,NA,1450,NA,"EST","Y",NA,"NNNNNNNN",NA
"USGS","02336490","CHATTAHOOCHEE RIVER AT GA 280, NEAR ATLANTA, GA","ST",334901,842848,33.81694444,-84.48,"M","S","NAD83","NAD83","13","13","121","US",NA,"NORTHWEST ATLANTA",NA,736.6,"L",0.1,"NAVD88","03130002",NA,"YNNNYNNNNNYNNYNNNNNNNNNNNNNNNN",NA,NA,1590,NA,"EST","Y",NA,"NNNNNNNN",NA
"USGS","02337170","CHATTAHOOCHEE RIVER NEAR FAIRBURN, GA","ST",333924,844025,33.65666667,-84.6736111,"M","S","NAD83","NAD83","13","13","121","US",NA,"CAMBELLTON",NA,718.3,"F",0.1,"NAVD88","03130002",NA,"YNNNYNNNNNYNNYNNNNNNNNNNNNNNNN",NA,NA,2060,2060,"EST","Y",NA,"NNNNNNNN",NA
"USGS","02337260","CHATTAHOOCHEE RIVER ABOVE BEAR CR, NEAR RICO, GA","ST",333701.8,844537.8,33.61716667,-84.7605,"N","S","NAD83","NAD83","13","13","097","US",NA,"RICO, GA","24000",NA,NA,NA,NA,"03130002",NA,"YNNNYNYNNYNNNNNNNNNNNNNNNNNNNN",NA,NA,NA,NA,"EST","Y",NA,"NNNNNNNN",NA
"USGS","02338000","CHATTAHOOCHEE RIVER NEAR WHITESBURG, GA","ST",332835.5,845404.3,33.47652778,-84.9011944,"N","1","NAD83","NAD83","13","13","045","US",NA,"WHITESBURG","  24000",682.2,"L",0.1,"NAVD88","03130002",NA,"YNNNYNNNNNYNNYNNNNNNNNNNNNNNNN",NA,NA,2430,NA,"EST","Y",NA,"NNNNNNNN",NA
"USGS","02338305","CHATTAHOOCHEE RIV (PLANT WANSLEY) NR ROOPVILLE, GA","ST",332533,850058,33.4259477,-85.0160525,"M","U","NAD27","NAD83","13","13","149","US",NA,"LOWELL",NA,NA,NA,NA,NA,"03130002",NA,"NNNNNNNNNNNNNNNNNNNNNNNNNNNNNN",NA,NA,2550,2550,"EST","Y",NA,"NNNNNNNN","CH-167E"
"USGS","02338500","CHATTAHOOCHEE RIVER AT GA 100, AT FRANKLIN, GA","ST",331640.7,850603.3,33.2779722,-85.1009167,"M","S","NAD83","NAD83","13","13","149","US",NA,"BASCOM, GA","  24000",664.88,"W",0.1,"NAVD88","03130002","C","NNNNYNNNNNNNNNNNNNNNNNNNNNNNNN",NA,NA,2680,2680,"EST","Y","C","NNNNNNNN","CH-169"
"USGS","02338720","CHATTAHOOCHEE RIVER NEAR LAGRANGE, GA","LK",330442,850639,33.07845628,-85.1107739,"M","S","NAD27","NAD83","13","13","285","US",NA,NA,NA,600,"M",20,"NGVD29","03130002",NA,"NNNNNNNNNNNNNNNNNNNNNNNNNNNNNN",NA,NA,3010,NA,"EST","Y",NA,"NNNNNNNN","CH-178"
"USGS","02339400","WEST POINT LAKE NEAR WEST POINT, GA","LK",325505.7,851115.9,32.91825,-85.18775,"M","S","NAD83","NAD83","13","13","285","US",NA,NA,NA,0.06,"W",0.21,"NAVD88","03130002",NA,"NNNNYNNNNNYNNYNNNNNNNNNNNNNNNN",NA,NA,3440,3440,"EST","Y",NA,"NNNNNNNN",NA
"USGS","02339500","CHATTAHOOCHEE RIVER AT WEST POINT, GA","ST",325311.9,851053.7,32.88663889,-85.1815833,"M","S","NAD83","NAD83","13","13","285","US",NA,"LANETT NORTH","  24000",551.78,"X",0.23,"NAVD88","03130002",NA,"YNYNYNNNNNYNNNNNNNNNNNNNNNNNNN",NA,NA,3550,NA,"EST","Y",NA,"NNNNNNNN",NA
"USGS","02341460","CHATTAHOOCHEE RIVER AT 14TH ST, AT COLUMBUS, GA","ST",322822,845948,32.47277778,-84.9966667,"M","S","NAD83","NAD83","13","13","215","US",NA,"COLUMBUS, GA","  24000",190,"F",1,"NAVD88","03130003","C","YNNNYNNNNNNNNYNNNNNNNNNNNNNNNN",20130722,20130722,4630,NA,"EST","Y",NA,NA,"CH-233A"
"USGS","02342881","CHATTAHOOCHEE RIVER AT SPUR 39, NEAR OMAHA, GA","ST",320826.4,850257.8,32.14066667,-85.04938889,"N","1","NAD83","NAD83","13","13","259","US",NA,"OMAHA",NA,0,"F",0.1,"NAVD88","03130003",NA,"NNNNYNNNNYNNNNYNNNNNNNNNNNNNNN",NA,NA,5910,NA,"EST","Y",NA,"NNNNNNNN","CH-287C"
"USGS","02343240","WALTER F. GEORGE RESERVOIR NEAR FORT GAINES, GA","LK",313731.2,850352,31.62533333,-85.0644444,"M","S","NAD83","NAD83","13","13","061","US",NA,"FORT GAINES NE, GAAL","  24000",0,"G",0.01,"NGVD29","03130003",NA,"NNNNYNNNNNYNNYNNNNNNNNNNNNNNNN",NA,NA,7460,NA,"EST","Y",NA,"NNNNNNNN","CH-297C"
"USGS","02343241","CHATTAHOOCHEE R BELOW WFG DAM AB FT. GAINES, GA","ST",313730.4,850351.1,31.6251111,-85.0641944,"M","S","NAD83","NAD83","13","13","061","US",NA,NA,NA,0,"G",0.01,"NGVD29","03130004",NA,"NNNNYNNNNNYNNNNNNNNNNNNNNNNNNN",NA,NA,7460,NA,"EST","Y",NA,"NNNNNNNN",NA
"USGS","02343801","CHATTAHOOCHEE RIVER NEAR COLUMBIA, AL","LK",311533.3,850639.8,31.25925,-85.1110556,"M","S","NAD83","NAD83","13","13","099","US",NA,"COLUMBIA, GAAL","  24000",0,"L",1,"NGVD29","03130004",NA,"YNNNYNNNNYNNNYNNNNNNNNNNNNNNNN",NA,NA,8210,NA,"EST","Y",NA,"NNNNNNNN",NA
"USGS","02343805","CHATTAHOOCHEE RIVER AT MILE 46 NEAR COLUMBIA, ALA","ST",311456.7,850623.8,31.24908333,-85.1066111,"N","1","NAD83","NAD83","13","13","099","US",NA,"GORDON",NA,0,"F",0.1,"NAVD88","03130004",NA,"NNNNYNNNNYNNNNYNNNNNNNNNNNNNNN",NA,NA,8210,NA,"EST","Y",NA,NA,"CH-303C"
"USGS","02344040","CHATTAHOOCHEE RIVER NEAR STEAM MILL, GA","ST",305839,850019,30.97768588,-85.0052062,"M","S","NAD27","NAD83","13","13","253","US",NA,NA,NA,60,"M",10,"NGVD29","03130004",NA,"NNNNNNNNNNNNNNNNNNNNNNNNNNNNNN",NA,NA,8510,NA,"EST","Y",NA,"NNNNNNNN","CH-306B"
"USGS","02357500","LAKE SEMINOLE NEAR CHATTAHOOCHEE, FL","LK",304231.4,845149.6,30.7087222,-84.8637778,"M","S","NAD83","NAD83","13","12","039","US",NA,NA,NA,0,"G",0.01,"NGVD29","03130011",NA,"NNNNYNNNNNYNNYNNNNNNNNNNNNNNNN",NA,NA,17100,NA,"EST","Y",NA,"NNNNNNNN",NA
"USGS","02358000","APALACHICOLA RIVER AT CHATTAHOOCHEE FLA","ST",304203,845133,30.7010251,-84.8590871,"M","S","NAD27","NAD83","123","12","039","US","NW    S32 T04N  R06W  T",NA,NA,0,"L",0.1,"NGVD29","03130011",NA,"YNNNYNNNNYNNNNNNNNNNNNNNNNNNNN",NA,NA,17200,NA,"EST","Y",NA,"NNNNNNNN",NA
"USGS","02358700","APALACHICOLA RIVER NR BLOUNTSTOWN,FLORIDA","ST",302530,850153,30.42519625,-85.0313059,"M","S","NAD27","NAD83","123","12","013","US","NE    S03 T01S  R08W  T","BLOUNTSTOWN, FL","  24000",26.96,"L",0.01,"NGVD29","03130011","C","NNNNYNNNNNNNNNNNNNNNNNNNNNNNNN",NA,20110723,17600,17600,"CST","Y","M","NNNNNNNN",NA
"USGS","02358754","APALACHICOLA R.AB CHIPOLA CUTOFF NR WEWAHITCHKA,FL","ST",300756.14,850831.24,30.1322611,-85.1420111,"G","5","NAD83","NAD83","123","12","045","US","      S16 T04S  R09W  S","DEAD LAKES, FL","  24000",12.14,"L",0.1,"NGVD29","03130011",NA,"YNNNYNNNNNNNNNNNNNNNNNNNNNNNNN",NA,NA,17800,17800,"CST","Y",NA,"NNNNNNNN",NA
"USGS","02359170","APALACHICOLA RIVER NR SUMATRA,FLA.","ST",295657,850056,29.94937094,-85.0154686,"M","S","NAD27","NAD83","123","12","037","US","SW    S14 T06N  R08W  T",NA,NA,0,"L",0.1,"NGVD29","03130011",NA,"YNNNYNNNNNNNNNYNNNNNNNNNNNNNNN",NA,NA,19200,NA,"EST","Y",NA,"NNNNNNNN",NA
